order_ref,accept_time,ready_ts,courier_in,handover,prep_promise
M-101,2026-01-05T11:02:00,2026-01-05T11:16:00,2026-01-05T11:14:00,2026-01-05T11:18:00,12
M-102,2026-01-05T11:20:00,2026-01-05T11:38:00,2026-01-05T11:32:00,2026-01-05T11:41:00,12
M-103,2026-01-05T11:47:00,2026-01-05T12:04:00,2026-01-05T11:59:00,2026-01-05T12:06:00,12
M-104,2026-01-05T12:05:00,2026-01-05T12:27:00,2026-01-05T12:17:00,2026-01-05T12:29:00,12
M-105,2026-01-05T12:31:00,2026-01-05T12:49:00,2026-01-05T12:43:00,2026-01-05T12:51:00,12
M-106,2026-01-05T12:58:00,2026-01-05T13:10:00,2026-01-05T13:00:00,2026-01-05T13:12:00,12
M-107,2026-01-05T13:15:00,2026-01-05T13:24:00,2026-01-05T13:19:00,2026-01-05T13:26:00,12
A-201,2026-01-06T07:15:00,2026-01-06T07:24:00,2026-01-06T07:20:00,2026-01-06T07:26:00,10
A-202,2026-01-06T08:02:00,2026-01-06T08:15:00,2026-01-06T08:10:00,2026-01-06T08:17:00,10
E-301,2026-01-06T19:10:00,2026-01-06T19:33:00,2026-01-06T19:22:00,2026-01-06T19:35:00,15
E-302,2026-01-06T19:44:00,2026-01-06T20:05:00,2026-01-06T19:56:00,2026-01-06T20:07:00,15
E-303,2026-01-06T20:12:00,2026-01-06T20:21:00,2026-01-06T20:15:00,2026-01-06T20:23:00,15
X-404,,,,,,,,,,
X-405,2026-01-06T20:30:00,2026-01-06T20:10:00,2026-01-06T20:33:00,2026-01-06T20:36:00,15
